no,New Name,Youtube name,Form question no
1,P1_high_3.9,gb79,17
2,P1_low_3.7,lzpg,1
3,P2_high_4.1,unt6,20
4,P2_low_4.2,nq5x,6
5,P3_high_3.4,ae5g,25
6,P3_low_3.8,mclh,15
7,P4_high_3.7,ux5q,18
8,P4_low_4.2,hdsi,22
9,P5_high_4.1,v594,2
10,P5_low_3.9,bbi8,27
11,NT1_high_3.7,b581,4
12,NT1_low_4.1,3oun,14
13,NT2_high_3.5,rt8j,13
14,NT2_low_3.3,7zpa,3
15,NT3_high_3.8,cek5,16
16,NT3_low_3.8,n2b9,21
17,NT4_high_3.3,xsc5,19
18,NT4_low_3.7,cbh0,28
19,NT5_high_3.4,b72a,9
20,NT5_low_3.9,15rr,11
21,NG1_high_4.1,xy9g,23
22,NG1_low_3.8,5ca0,12
23,NG2_high_3.8,qsdp,30
24,NG2_low_3.4,dpwk,8
25,NG3_high_3.7,jgjr,29
26,NG3_low_3.9,580a,10
27,NG4_high_4.1,emku,7
28,NG4_low_3.7,ml7h,24
29,NG5_high_3.6,yjfa,26
30,NG5_low_4.1,lkns,5
